{"cameraMode":{"drawMode":3,"name":"Shadow Cascades","section":"Miscellaneous"},"sceneLighting":true,"audioPlay":false,"sceneViewState":{"m_AlwaysRefresh":false,"showFog":true,"showSkybox":true,"showFlares":true,"showImageEffects":true,"showParticleSystems":true,"showVisualEffectGraphs":true,"m_FxEnabled":true},"in2DMode":false,"pivot":{"x":0.01949797011911869,"y":1.4558665752410889,"z":-4.006648063659668},"rotation":{"x":0.30719277262687685,"y":-0.01998620666563511,"z":0.0064563569612801079,"w":0.9514235854148865},"size":0.4050709009170532,"orthographic":false}